timestamp,label,conf,bbox
2026-01-30T12:09:16.191118,person,0.9437264800071716,"(63, 17, 640, 478)"
2026-01-30T12:09:16.337054,person,0.955311119556427,"(61, 14, 640, 478)"
2026-01-30T12:09:16.397597,person,0.9466125965118408,"(61, 14, 639, 479)"
2026-01-30T12:09:16.474411,person,0.9502807259559631,"(61, 16, 640, 479)"
2026-01-30T12:09:16.539313,person,0.9415596127510071,"(61, 15, 639, 479)"
2026-01-30T12:09:16.615018,person,0.9430902004241943,"(61, 19, 639, 478)"
2026-01-30T12:09:16.694144,person,0.937674343585968,"(60, 20, 639, 479)"
2026-01-30T12:09:16.792555,person,0.9373168349266052,"(58, 18, 634, 479)"
2026-01-30T12:09:16.879578,person,0.9364262819290161,"(57, 19, 634, 479)"
2026-01-30T12:09:16.973059,person,0.9254727363586426,"(58, 27, 617, 478)"
2026-01-30T12:09:17.051811,person,0.931876540184021,"(56, 29, 622, 478)"
2026-01-30T12:09:17.128218,person,0.9276860952377319,"(57, 36, 617, 478)"
2026-01-30T12:09:17.223423,person,0.9170345067977905,"(58, 39, 617, 478)"
2026-01-30T12:09:17.314564,person,0.9227176308631897,"(60, 46, 616, 478)"
2026-01-30T12:09:17.407602,person,0.9153301119804382,"(58, 47, 618, 478)"
2026-01-30T12:09:17.502508,person,0.8997821807861328,"(59, 47, 616, 478)"
2026-01-30T12:09:17.581476,person,0.9141168594360352,"(57, 45, 613, 478)"
2026-01-30T12:09:17.659099,person,0.9075261354446411,"(55, 49, 622, 479)"
2026-01-30T12:09:17.736357,person,0.9161403775215149,"(61, 44, 620, 478)"
2026-01-30T12:09:17.815621,person,0.9124832153320312,"(59, 43, 609, 478)"
2026-01-30T12:09:17.909337,person,0.9163250923156738,"(62, 44, 615, 478)"
2026-01-30T12:09:17.988042,person,0.9218695163726807,"(62, 44, 624, 478)"
2026-01-30T12:09:18.079241,person,0.921734094619751,"(62, 44, 624, 478)"
2026-01-30T12:09:18.174058,person,0.9245783686637878,"(62, 45, 625, 478)"
2026-01-30T12:09:18.279450,person,0.923252522945404,"(67, 47, 624, 478)"
2026-01-30T12:09:18.373422,person,0.9058317542076111,"(68, 54, 606, 478)"
2026-01-30T12:09:18.448426,person,0.9038614630699158,"(65, 57, 615, 478)"
2026-01-30T12:09:18.544517,person,0.9067240357398987,"(72, 65, 621, 478)"
2026-01-30T12:09:18.636334,person,0.9072859287261963,"(72, 66, 612, 478)"
2026-01-30T12:09:18.715472,person,0.9080210328102112,"(84, 73, 603, 479)"
2026-01-30T12:09:18.809689,person,0.9056629538536072,"(82, 75, 610, 479)"
2026-01-30T12:09:18.888376,person,0.9020077586174011,"(76, 76, 596, 479)"
2026-01-30T12:09:18.970901,person,0.9235591292381287,"(74, 86, 600, 479)"
2026-01-30T12:09:19.072220,person,0.9115326404571533,"(85, 90, 583, 479)"
2026-01-30T12:09:19.163356,person,0.914286196231842,"(76, 88, 591, 479)"
2026-01-30T12:09:19.241787,person,0.9109394550323486,"(75, 88, 585, 479)"
2026-01-30T12:09:19.319092,person,0.9188433289527893,"(75, 88, 591, 479)"
2026-01-30T12:09:19.413675,person,0.9117270112037659,"(71, 89, 593, 479)"
2026-01-30T12:09:19.511872,person,0.8970140218734741,"(67, 89, 582, 479)"
2026-01-30T12:09:19.599538,person,0.9092872738838196,"(66, 90, 585, 479)"
2026-01-30T12:09:19.691746,person,0.8973115682601929,"(63, 90, 588, 479)"
2026-01-30T12:09:19.776097,person,0.9124035239219666,"(66, 92, 579, 479)"
2026-01-30T12:09:19.817045,person,0.9128754734992981,"(65, 91, 580, 479)"
2026-01-30T12:09:19.848896,person,0.9000695943832397,"(60, 92, 586, 479)"
2026-01-30T12:09:19.870192,person,0.9096131324768066,"(62, 92, 584, 479)"
2026-01-30T12:09:19.908407,person,0.9150132536888123,"(64, 92, 581, 479)"
2026-01-30T12:09:19.931591,person,0.9218350648880005,"(62, 92, 579, 479)"
2026-01-30T12:09:19.962812,person,0.9116607308387756,"(63, 92, 576, 479)"
2026-01-30T12:09:19.995476,person,0.9067193269729614,"(63, 92, 583, 479)"
2026-01-30T12:09:20.024482,person,0.899482786655426,"(60, 93, 582, 479)"
2026-01-30T12:09:20.069196,person,0.9048806428909302,"(62, 94, 586, 479)"
2026-01-30T12:09:20.102351,person,0.9042351841926575,"(64, 94, 582, 479)"
2026-01-30T12:09:20.132386,person,0.9042351841926575,"(64, 94, 582, 479)"
2026-01-30T12:09:20.164874,person,0.9073217511177063,"(71, 94, 577, 479)"
2026-01-30T12:09:20.193443,person,0.9026049375534058,"(67, 94, 579, 479)"
2026-01-30T12:09:20.226114,person,0.9074508547782898,"(69, 94, 580, 479)"
2026-01-30T12:09:20.256130,person,0.9104418158531189,"(76, 93, 580, 478)"
2026-01-30T12:09:20.286904,person,0.9104718565940857,"(73, 94, 580, 478)"
2026-01-30T12:09:20.320747,person,0.899418830871582,"(72, 96, 575, 479)"
2026-01-30T12:09:20.350676,person,0.9015131592750549,"(65, 96, 585, 479)"
2026-01-30T12:09:20.382731,person,0.9053545594215393,"(69, 95, 581, 479)"
2026-01-30T12:09:20.419342,person,0.9066122770309448,"(68, 98, 580, 479)"
2026-01-30T12:09:20.450878,person,0.9070735573768616,"(68, 98, 579, 479)"
2026-01-30T12:09:20.501234,person,0.9045417308807373,"(68, 100, 581, 479)"
2026-01-30T12:09:20.541040,person,0.9031449556350708,"(68, 101, 576, 479)"
2026-01-30T12:09:20.566041,person,0.9031449556350708,"(68, 101, 576, 479)"
2026-01-30T12:09:20.595783,person,0.908251166343689,"(70, 102, 573, 479)"
2026-01-30T12:09:20.627009,person,0.9057586193084717,"(70, 102, 577, 479)"
2026-01-30T12:09:20.658316,person,0.9035695791244507,"(70, 103, 580, 479)"
2026-01-30T12:09:20.691050,person,0.9042770266532898,"(67, 104, 575, 479)"
2026-01-30T12:09:20.724841,person,0.8955974578857422,"(67, 105, 570, 479)"
2026-01-30T12:09:20.754605,person,0.9032749533653259,"(74, 105, 577, 479)"
2026-01-30T12:09:20.784477,person,0.9034428596496582,"(73, 106, 576, 479)"
2026-01-30T12:09:20.819043,person,0.8900094628334045,"(69, 106, 574, 479)"
2026-01-30T12:09:20.852275,person,0.88131183385849,"(67, 107, 576, 479)"
2026-01-30T12:09:20.882596,person,0.8691068291664124,"(66, 107, 574, 479)"
2026-01-30T12:09:20.932665,person,0.8748560547828674,"(66, 109, 571, 479)"
2026-01-30T12:09:20.965301,person,0.8977414965629578,"(71, 109, 571, 479)"
2026-01-30T12:09:20.986172,person,0.8977414965629578,"(71, 109, 571, 479)"
2026-01-30T12:09:21.017164,person,0.8841620087623596,"(70, 109, 574, 479)"
2026-01-30T12:09:21.054724,person,0.9044060707092285,"(70, 110, 578, 479)"
2026-01-30T12:09:21.076527,person,0.9015299081802368,"(74, 110, 577, 479)"
2026-01-30T12:09:21.109726,person,0.9114197492599487,"(78, 110, 579, 479)"
2026-01-30T12:09:21.139098,person,0.9057989716529846,"(79, 110, 580, 479)"
2026-01-30T12:09:21.170446,person,0.9069649577140808,"(81, 110, 582, 479)"
2026-01-30T12:09:21.218484,person,0.9119442701339722,"(88, 109, 583, 479)"
2026-01-30T12:09:21.252675,person,0.9120567440986633,"(88, 110, 585, 479)"
2026-01-30T12:09:21.283178,person,0.9117661714553833,"(88, 110, 581, 479)"
2026-01-30T12:09:21.331382,person,0.9117739796638489,"(90, 110, 584, 479)"
2026-01-30T12:09:21.362685,person,0.9097424745559692,"(89, 110, 586, 479)"
2026-01-30T12:09:21.384982,person,0.9097424745559692,"(89, 110, 586, 479)"
2026-01-30T12:09:21.417043,person,0.9022681713104248,"(87, 108, 585, 479)"
2026-01-30T12:09:21.445625,person,0.9080895781517029,"(89, 108, 586, 479)"
2026-01-30T12:09:21.481369,person,0.9027644991874695,"(88, 108, 589, 479)"
2026-01-30T12:09:21.507311,person,0.9056522250175476,"(91, 108, 584, 479)"
2026-01-30T12:09:21.537256,person,0.8982257843017578,"(92, 108, 593, 479)"
2026-01-30T12:09:21.571208,person,0.9078314900398254,"(91, 107, 593, 479)"
2026-01-30T12:09:21.621724,person,0.9015293717384338,"(91, 107, 600, 479)"
2026-01-30T12:09:21.651717,person,0.9051120281219482,"(88, 107, 593, 479)"
2026-01-30T12:09:21.682898,person,0.9015777707099915,"(91, 107, 598, 479)"
2026-01-30T12:09:21.715529,person,0.9061682820320129,"(90, 107, 606, 479)"
2026-01-30T12:09:21.772303,person,0.8984919190406799,"(93, 107, 610, 479)"
2026-01-30T12:09:21.804852,person,0.9088426828384399,"(94, 107, 606, 479)"
2026-01-30T12:09:21.844195,person,0.9088426828384399,"(94, 107, 606, 479)"
2026-01-30T12:09:21.866233,person,0.9045815467834473,"(93, 107, 600, 479)"
2026-01-30T12:09:21.899125,person,0.9083278179168701,"(92, 107, 591, 479)"
2026-01-30T12:09:21.928478,person,0.8957275748252869,"(93, 109, 607, 479)"
2026-01-30T12:09:21.960465,person,0.902856171131134,"(93, 108, 599, 479)"
2026-01-30T12:09:21.991396,person,0.8973948955535889,"(92, 108, 610, 479)"
2026-01-30T12:09:22.022224,person,0.9082157015800476,"(89, 107, 603, 479)"
2026-01-30T12:09:22.053039,person,0.9079828262329102,"(94, 108, 604, 479)"
2026-01-30T12:09:22.085273,person,0.90850430727005,"(92, 109, 603, 479)"
2026-01-30T12:09:22.114943,person,0.9120014905929565,"(89, 111, 607, 479)"
2026-01-30T12:09:22.149049,person,0.913083016872406,"(87, 110, 598, 479)"
2026-01-30T12:09:22.196263,person,0.9137821793556213,"(85, 110, 602, 479)"
2026-01-30T12:09:22.229595,person,0.9114093780517578,"(86, 110, 601, 479)"
2026-01-30T12:09:22.258207,person,0.9114093780517578,"(86, 110, 601, 479)"
2026-01-30T12:09:22.288058,person,0.9105693101882935,"(90, 110, 602, 479)"
2026-01-30T12:09:22.322700,person,0.9119316935539246,"(88, 109, 593, 479)"
2026-01-30T12:09:22.349816,person,0.9078555703163147,"(84, 109, 592, 479)"
2026-01-30T12:09:22.381779,person,0.9102814793586731,"(84, 110, 592, 479)"
2026-01-30T12:09:22.420116,person,0.9117735028266907,"(83, 109, 587, 479)"
2026-01-30T12:09:22.453584,person,0.9159731864929199,"(86, 109, 585, 479)"
2026-01-30T12:09:22.488465,person,0.910392701625824,"(84, 108, 587, 479)"
2026-01-30T12:09:22.520642,person,0.9054862260818481,"(86, 108, 586, 479)"
2026-01-30T12:09:22.551217,person,0.9152448177337646,"(84, 109, 584, 479)"
2026-01-30T12:09:22.582236,person,0.8996750712394714,"(78, 108, 585, 479)"
2026-01-30T12:09:22.631393,person,0.9097961783409119,"(82, 108, 580, 479)"
2026-01-30T12:09:22.663414,person,0.9147425293922424,"(83, 108, 583, 479)"
2026-01-30T12:09:22.698269,person,0.9147425293922424,"(83, 108, 583, 479)"
2026-01-30T12:09:22.722661,person,0.9117383360862732,"(84, 108, 586, 479)"
2026-01-30T12:09:22.754598,person,0.9079442024230957,"(87, 108, 586, 479)"
2026-01-30T12:09:22.785446,person,0.9125197529792786,"(86, 109, 585, 479)"
2026-01-30T12:09:22.822664,person,0.9092604517936707,"(88, 108, 590, 479)"
2026-01-30T12:09:22.853063,person,0.9051015377044678,"(85, 107, 595, 479)"
2026-01-30T12:09:22.886933,person,0.9043912887573242,"(87, 108, 596, 479)"
2026-01-30T12:09:22.928843,person,0.9026855230331421,"(86, 109, 592, 479)"
2026-01-30T12:09:22.955503,person,0.9089155793190002,"(87, 110, 582, 479)"
2026-01-30T12:09:22.987702,person,0.9114906787872314,"(87, 109, 590, 479)"
2026-01-30T12:09:23.030422,person,0.9139140844345093,"(91, 108, 602, 479)"
2026-01-30T12:09:23.066612,person,0.9171109795570374,"(90, 108, 597, 479)"
2026-01-30T12:09:23.097114,person,0.9171109795570374,"(90, 108, 597, 479)"
2026-01-30T12:09:23.127918,person,0.9161980152130127,"(96, 109, 594, 479)"
2026-01-30T12:09:23.157096,person,0.9106143712997437,"(94, 109, 603, 479)"
2026-01-30T12:09:23.188915,person,0.9106954336166382,"(93, 109, 598, 479)"
2026-01-30T12:09:23.221363,person,0.901431143283844,"(99, 108, 603, 479)"
2026-01-30T12:09:23.254617,person,0.9092369079589844,"(97, 108, 593, 479)"
2026-01-30T12:09:23.288669,person,0.9110621809959412,"(102, 108, 606, 479)"
2026-01-30T12:09:23.316650,person,0.9049090147018433,"(97, 109, 603, 479)"
2026-01-30T12:09:23.349199,person,0.9081703424453735,"(101, 109, 600, 479)"
2026-01-30T12:09:23.383550,person,0.8989797234535217,"(101, 108, 605, 479)"
2026-01-30T12:09:23.414271,person,0.9115190505981445,"(102, 108, 598, 479)"
2026-01-30T12:09:23.462381,person,0.9068862199783325,"(100, 108, 602, 479)"
2026-01-30T12:09:23.503413,person,0.9094876050949097,"(101, 108, 610, 479)"
2026-01-30T12:09:23.532082,person,0.9094876050949097,"(101, 108, 610, 479)"
2026-01-30T12:09:23.560935,person,0.9086681604385376,"(103, 108, 605, 479)"
2026-01-30T12:09:23.593106,person,0.9105803966522217,"(100, 108, 589, 479)"
2026-01-30T12:09:23.622923,person,0.9109936356544495,"(96, 108, 607, 479)"
2026-01-30T12:09:23.655207,person,0.9090315699577332,"(96, 108, 594, 479)"
2026-01-30T12:09:23.686918,person,0.9207999110221863,"(92, 109, 607, 479)"
2026-01-30T12:09:23.720178,person,0.91786128282547,"(92, 109, 603, 479)"
2026-01-30T12:09:23.751066,person,0.9080992937088013,"(90, 110, 594, 479)"
2026-01-30T12:09:23.781135,person,0.9129854440689087,"(91, 110, 596, 479)"
2026-01-30T12:09:23.814161,person,0.918213427066803,"(83, 109, 601, 479)"
2026-01-30T12:09:23.851290,person,0.9170466661453247,"(88, 109, 603, 479)"
2026-01-30T12:09:23.895838,person,0.9102142453193665,"(88, 109, 592, 479)"
2026-01-30T12:09:23.927750,person,0.9118696451187134,"(86, 109, 592, 479)"
2026-01-30T12:09:23.966639,person,0.9118696451187134,"(86, 109, 592, 479)"
2026-01-30T12:09:23.998018,person,0.9056165218353271,"(87, 109, 587, 479)"
2026-01-30T12:09:24.028430,person,0.9018430113792419,"(84, 108, 582, 479)"
2026-01-30T12:09:24.058419,person,0.9058429002761841,"(84, 108, 585, 479)"
2026-01-30T12:09:24.087938,person,0.904879629611969,"(87, 109, 589, 479)"
2026-01-30T12:09:24.118913,person,0.9121992588043213,"(81, 109, 575, 479)"
2026-01-30T12:09:24.151924,person,0.910840630531311,"(84, 108, 581, 479)"
2026-01-30T12:09:24.183107,person,0.9059250950813293,"(86, 109, 583, 479)"
2026-01-30T12:09:24.214427,person,0.9064089059829712,"(84, 108, 586, 479)"
2026-01-30T12:09:24.248159,person,0.9023773074150085,"(86, 108, 585, 479)"
2026-01-30T12:09:24.278518,person,0.912388026714325,"(84, 109, 590, 479)"
2026-01-30T12:09:24.327378,person,0.9197528958320618,"(87, 109, 589, 479)"
2026-01-30T12:09:24.361107,person,0.9079344272613525,"(86, 109, 589, 479)"
2026-01-30T12:09:24.398806,person,0.9079344272613525,"(86, 109, 589, 479)"
2026-01-30T12:09:24.435160,person,0.9092035293579102,"(90, 109, 590, 479)"
2026-01-30T12:09:24.460673,person,0.9144117832183838,"(91, 110, 599, 479)"
2026-01-30T12:09:24.491992,person,0.9107465744018555,"(89, 109, 601, 479)"
2026-01-30T12:09:24.524908,person,0.9128318428993225,"(89, 109, 604, 479)"
2026-01-30T12:09:24.555320,person,0.9025305509567261,"(97, 109, 595, 479)"
2026-01-30T12:09:24.586707,person,0.9047488570213318,"(97, 109, 572, 479)"
2026-01-30T12:09:24.618554,person,0.899316668510437,"(100, 109, 580, 479)"
2026-01-30T12:09:24.652543,person,0.9083494544029236,"(99, 109, 598, 479)"
2026-01-30T12:09:24.679944,person,0.9064344167709351,"(101, 110, 607, 479)"
2026-01-30T12:09:24.727580,person,0.8965772390365601,"(103, 110, 603, 479)"
2026-01-30T12:09:24.759939,person,0.9030928015708923,"(97, 111, 601, 479)"
2026-01-30T12:09:24.789921,person,0.9030928015708923,"(97, 111, 601, 479)"
2026-01-30T12:09:24.825566,person,0.9072738885879517,"(99, 112, 600, 479)"
2026-01-30T12:09:24.854217,person,0.9085820317268372,"(98, 110, 606, 479)"
2026-01-30T12:09:24.887967,person,0.9063971042633057,"(97, 109, 603, 479)"
2026-01-30T12:09:24.918792,person,0.8963621854782104,"(100, 109, 607, 479)"
2026-01-30T12:09:24.952520,person,0.8956226110458374,"(96, 108, 601, 479)"
2026-01-30T12:09:24.984317,person,0.9037023186683655,"(99, 108, 614, 479)"
2026-01-30T12:09:25.015538,person,0.9044851064682007,"(96, 108, 598, 479)"
2026-01-30T12:09:25.052043,person,0.9047258496284485,"(98, 108, 601, 479)"
2026-01-30T12:09:25.085874,person,0.9031811952590942,"(99, 107, 598, 479)"
2026-01-30T12:09:25.118337,person,0.9116349816322327,"(98, 108, 609, 479)"
2026-01-30T12:09:25.160372,person,0.9063267707824707,"(98, 108, 591, 479)"
2026-01-30T12:09:25.199386,person,0.8975525498390198,"(96, 107, 598, 479)"
2026-01-30T12:09:25.226788,person,0.904362142086029,"(93, 108, 594, 479)"
2026-01-30T12:09:25.256196,person,0.9142414927482605,"(92, 108, 601, 479)"
2026-01-30T12:09:25.289544,person,0.9166709184646606,"(91, 108, 595, 479)"
2026-01-30T12:09:25.324274,person,0.9146260619163513,"(89, 108, 602, 479)"
2026-01-30T12:09:25.352491,person,0.914347231388092,"(86, 108, 593, 479)"
2026-01-30T12:09:25.382455,person,0.9139723181724548,"(89, 108, 596, 479)"
2026-01-30T12:09:25.413475,person,0.9154839515686035,"(86, 107, 596, 479)"
2026-01-30T12:09:25.448620,person,0.9184530377388,"(88, 108, 591, 479)"
2026-01-30T12:09:25.480071,person,0.9194836020469666,"(87, 107, 596, 479)"
2026-01-30T12:09:25.511417,person,0.9136135578155518,"(87, 107, 591, 479)"
2026-01-30T12:09:25.542448,person,0.9198397397994995,"(85, 108, 591, 479)"
2026-01-30T12:09:25.590549,person,0.9095466732978821,"(86, 108, 592, 479)"
2026-01-30T12:09:25.628628,person,0.9170021414756775,"(87, 108, 582, 479)"
2026-01-30T12:09:25.659399,person,0.9153698682785034,"(86, 108, 587, 479)"
2026-01-30T12:09:25.689426,person,0.9185003638267517,"(89, 108, 596, 479)"
2026-01-30T12:09:25.720030,person,0.9129414558410645,"(87, 107, 594, 479)"
2026-01-30T12:09:25.752242,person,0.9116306304931641,"(88, 108, 599, 479)"
2026-01-30T12:09:25.783165,person,0.9169193506240845,"(88, 108, 595, 479)"
2026-01-30T12:09:25.817040,person,0.9133205413818359,"(88, 107, 601, 479)"
2026-01-30T12:09:25.847733,person,0.9041242003440857,"(93, 107, 593, 479)"
2026-01-30T12:09:25.880756,person,0.9086681604385376,"(93, 107, 595, 479)"
2026-01-30T12:09:25.912393,person,0.9131847023963928,"(94, 107, 600, 479)"
2026-01-30T12:09:25.943380,person,0.9132517576217651,"(93, 107, 599, 479)"
2026-01-30T12:09:25.975902,person,0.9125735759735107,"(96, 107, 604, 479)"
2026-01-30T12:09:26.022932,person,0.906627893447876,"(98, 107, 594, 479)"
2026-01-30T12:09:26.060831,person,0.9099005460739136,"(101, 107, 608, 479)"
2026-01-30T12:09:26.093660,person,0.90345299243927,"(101, 107, 600, 479)"
2026-01-30T12:09:26.125431,person,0.8995364308357239,"(102, 107, 609, 479)"
2026-01-30T12:09:26.157791,person,0.9018803238868713,"(103, 107, 605, 479)"
2026-01-30T12:09:26.187878,person,0.9031009078025818,"(101, 107, 605, 479)"
2026-01-30T12:09:26.218321,person,0.8948556780815125,"(97, 107, 591, 479)"
2026-01-30T12:09:26.249814,person,0.902216911315918,"(97, 107, 605, 479)"
2026-01-30T12:09:26.282486,person,0.9078041911125183,"(98, 108, 610, 479)"
2026-01-30T12:09:26.314308,person,0.9061905741691589,"(98, 109, 589, 479)"
2026-01-30T12:09:26.345187,person,0.907453179359436,"(96, 107, 602, 479)"
2026-01-30T12:09:26.376564,person,0.9039286375045776,"(97, 108, 602, 479)"
2026-01-30T12:09:26.424072,person,0.9043589234352112,"(105, 107, 603, 479)"
2026-01-30T12:09:26.455173,person,0.8996766209602356,"(96, 108, 591, 479)"
2026-01-30T12:09:26.484558,person,0.9026330709457397,"(98, 108, 605, 479)"
2026-01-30T12:09:26.517391,person,0.9003455638885498,"(97, 108, 601, 479)"
2026-01-30T12:09:26.551928,person,0.9027876257896423,"(96, 108, 602, 479)"
2026-01-30T12:09:26.584422,person,0.9042893648147583,"(102, 106, 602, 479)"
2026-01-30T12:09:26.615983,person,0.9072664380073547,"(101, 107, 600, 479)"
2026-01-30T12:09:26.655562,person,0.903163731098175,"(97, 107, 581, 479)"
2026-01-30T12:09:26.687345,person,0.8987687826156616,"(99, 107, 602, 479)"
2026-01-30T12:09:26.717367,person,0.9035500884056091,"(92, 107, 596, 479)"
2026-01-30T12:09:26.749214,person,0.9086096882820129,"(93, 107, 591, 479)"
2026-01-30T12:09:26.780308,person,0.9081481695175171,"(88, 107, 592, 479)"
2026-01-30T12:09:26.811189,person,0.9108791947364807,"(88, 107, 592, 479)"
2026-01-30T12:09:26.856261,person,0.9010348916053772,"(90, 107, 591, 479)"
2026-01-30T12:09:26.888878,person,0.910197913646698,"(89, 107, 594, 479)"
2026-01-30T12:09:26.920338,person,0.9162136912345886,"(89, 107, 587, 479)"
2026-01-30T12:09:26.952415,person,0.9073048830032349,"(87, 107, 588, 479)"
2026-01-30T12:09:26.984461,person,0.9168097972869873,"(88, 107, 586, 479)"
2026-01-30T12:09:27.016709,person,0.9118238687515259,"(89, 107, 588, 479)"
2026-01-30T12:09:27.048288,person,0.9101724624633789,"(89, 107, 588, 479)"
2026-01-30T12:09:27.083995,person,0.9061208963394165,"(86, 107, 585, 479)"
2026-01-30T12:09:27.121352,person,0.9111351370811462,"(86, 107, 587, 479)"
2026-01-30T12:09:27.152064,person,0.9121977686882019,"(88, 107, 592, 479)"
2026-01-30T12:09:27.182708,person,0.9063686728477478,"(89, 107, 586, 479)"
2026-01-30T12:09:27.214158,person,0.9108232259750366,"(87, 107, 592, 479)"
2026-01-30T12:09:27.248368,person,0.9155358076095581,"(86, 108, 586, 479)"
2026-01-30T12:09:27.288187,person,0.910656213760376,"(86, 107, 588, 479)"
2026-01-30T12:09:27.323649,person,0.9125895500183105,"(88, 107, 591, 479)"
2026-01-30T12:09:27.352596,person,0.9085423946380615,"(87, 107, 587, 479)"
2026-01-30T12:09:27.385307,person,0.9179572463035583,"(88, 107, 591, 479)"
2026-01-30T12:09:27.416425,person,0.9127007722854614,"(88, 107, 595, 479)"
2026-01-30T12:09:27.447339,person,0.9160363078117371,"(90, 107, 592, 479)"
2026-01-30T12:09:27.477700,person,0.918424665927887,"(91, 108, 595, 479)"
2026-01-30T12:09:27.509673,person,0.9142861366271973,"(92, 108, 585, 479)"
2026-01-30T12:09:27.544323,person,0.9079495072364807,"(91, 107, 596, 479)"
2026-01-30T12:09:27.575383,person,0.911677896976471,"(91, 108, 592, 479)"
2026-01-30T12:09:27.609060,person,0.9105513095855713,"(91, 107, 583, 479)"
2026-01-30T12:09:27.640673,person,0.905316174030304,"(95, 108, 586, 479)"
2026-01-30T12:09:27.678022,person,0.9009037017822266,"(93, 108, 594, 479)"
2026-01-30T12:09:27.719851,person,0.9085903763771057,"(94, 108, 599, 479)"
2026-01-30T12:09:27.757882,person,0.8986092209815979,"(98, 107, 593, 479)"
2026-01-30T12:09:27.788251,person,0.9053649306297302,"(100, 108, 594, 479)"
2026-01-30T12:09:27.819370,person,0.9014531970024109,"(101, 108, 596, 479)"
2026-01-30T12:09:27.850763,person,0.9014801383018494,"(104, 107, 606, 479)"
2026-01-30T12:09:27.881907,person,0.9036265015602112,"(96, 109, 596, 479)"
2026-01-30T12:09:27.909939,person,0.9071276187896729,"(102, 107, 602, 479)"
2026-01-30T12:09:27.945448,person,0.8995052576065063,"(97, 108, 586, 479)"
2026-01-30T12:09:27.976871,person,0.8976879715919495,"(98, 107, 599, 479)"
2026-01-30T12:09:28.008133,person,0.9080966114997864,"(98, 107, 598, 479)"
2026-01-30T12:09:28.038779,person,0.9047455191612244,"(98, 108, 606, 479)"
2026-01-30T12:09:28.072844,person,0.901649534702301,"(104, 107, 606, 479)"
2026-01-30T12:09:28.118597,person,0.9065610766410828,"(97, 108, 604, 479)"
2026-01-30T12:09:28.152053,person,0.9085858464241028,"(99, 108, 604, 479)"
2026-01-30T12:09:28.184239,person,0.9000241160392761,"(97, 107, 593, 479)"
2026-01-30T12:09:28.215823,person,0.901761531829834,"(98, 107, 588, 479)"
2026-01-30T12:09:28.254485,person,0.9012831449508667,"(99, 106, 595, 479)"
2026-01-30T12:09:28.286251,person,0.9050491452217102,"(98, 106, 596, 479)"
2026-01-30T12:09:28.318314,person,0.8953683972358704,"(100, 107, 596, 479)"
2026-01-30T12:09:28.349249,person,0.8997251391410828,"(103, 106, 598, 479)"
2026-01-30T12:09:28.380107,person,0.8943044543266296,"(98, 106, 589, 479)"
2026-01-30T12:09:28.409061,person,0.8998542428016663,"(98, 106, 593, 479)"
2026-01-30T12:09:28.441197,person,0.9084680676460266,"(95, 106, 580, 479)"
2026-01-30T12:09:28.471084,person,0.9183366894721985,"(93, 106, 596, 479)"
2026-01-30T12:09:28.505203,person,0.8987684845924377,"(94, 107, 582, 479)"
2026-01-30T12:09:28.552877,person,0.9002858400344849,"(94, 107, 596, 479)"
2026-01-30T12:09:28.582832,person,0.9118468165397644,"(92, 108, 595, 479)"
2026-01-30T12:09:28.614177,person,0.9078888893127441,"(92, 108, 593, 479)"
2026-01-30T12:09:28.648941,person,0.9136773347854614,"(91, 109, 590, 479)"
2026-01-30T12:09:28.679296,person,0.915758490562439,"(90, 109, 590, 479)"
2026-01-30T12:09:28.711773,person,0.9181375503540039,"(89, 107, 587, 479)"
2026-01-30T12:09:28.742329,person,0.9148163795471191,"(88, 108, 592, 479)"
2026-01-30T12:09:28.775591,person,0.9252762198448181,"(89, 107, 588, 479)"
2026-01-30T12:09:28.814415,person,0.9075565934181213,"(87, 107, 589, 479)"
2026-01-30T12:09:28.846768,person,0.9130908846855164,"(89, 107, 586, 479)"
2026-01-30T12:09:28.877411,person,0.9199212193489075,"(90, 107, 590, 479)"
2026-01-30T12:09:28.908488,person,0.9170787930488586,"(89, 107, 589, 479)"
2026-01-30T12:09:28.939330,person,0.913432240486145,"(90, 106, 590, 479)"
2026-01-30T12:09:28.984664,person,0.9112831354141235,"(88, 107, 582, 479)"
2026-01-30T12:09:29.020938,person,0.9102734923362732,"(87, 107, 589, 479)"
2026-01-30T12:09:29.049321,person,0.9163651466369629,"(88, 107, 589, 479)"
2026-01-30T12:09:29.081633,person,0.9148509502410889,"(89, 108, 591, 479)"
2026-01-30T12:09:29.113584,person,0.9107021689414978,"(88, 107, 591, 479)"
2026-01-30T12:09:29.144466,person,0.9073885083198547,"(87, 107, 591, 479)"
2026-01-30T12:09:29.176162,person,0.9079113602638245,"(90, 107, 584, 479)"
2026-01-30T12:09:29.208012,person,0.9052918553352356,"(89, 107, 597, 479)"
2026-01-30T12:09:29.239542,person,0.907278299331665,"(91, 107, 589, 479)"
2026-01-30T12:09:29.272227,person,0.9098814129829407,"(92, 107, 596, 479)"
2026-01-30T12:09:29.311887,person,0.9107315540313721,"(89, 107, 596, 479)"
2026-01-30T12:09:29.343273,person,0.9105374813079834,"(91, 107, 595, 479)"
2026-01-30T12:09:29.374287,person,0.9080439209938049,"(95, 107, 581, 479)"
2026-01-30T12:09:29.419001,person,0.9122480750083923,"(94, 107, 596, 479)"
2026-01-30T12:09:29.450400,person,0.9053536057472229,"(99, 107, 589, 479)"
2026-01-30T12:09:29.486678,person,0.8985656499862671,"(100, 107, 596, 479)"
2026-01-30T12:09:29.513577,person,0.8978599905967712,"(101, 107, 590, 479)"
2026-01-30T12:09:29.544919,person,0.9006628394126892,"(103, 107, 596, 479)"
2026-01-30T12:09:29.574286,person,0.9016678929328918,"(102, 107, 599, 479)"
2026-01-30T12:09:29.606364,person,0.9002630710601807,"(96, 107, 595, 479)"
2026-01-30T12:09:29.641325,person,0.9019256830215454,"(96, 107, 601, 479)"
2026-01-30T12:09:29.672757,person,0.8999693393707275,"(97, 109, 599, 479)"
2026-01-30T12:09:29.706105,person,0.9016833305358887,"(97, 109, 597, 479)"
2026-01-30T12:09:29.746267,person,0.8913097381591797,"(105, 107, 599, 479)"
2026-01-30T12:09:29.777215,person,0.9079399704933167,"(98, 107, 596, 479)"
2026-01-30T12:09:29.815971,person,0.8966568112373352,"(97, 109, 595, 479)"
2026-01-30T12:09:29.854144,person,0.9042003154754639,"(107, 108, 598, 479)"
2026-01-30T12:09:29.886536,person,0.8979294896125793,"(105, 107, 594, 479)"
2026-01-30T12:09:29.916429,person,0.9020117521286011,"(102, 107, 604, 479)"
2026-01-30T12:09:29.947393,person,0.9064677953720093,"(103, 107, 597, 479)"
2026-01-30T12:09:29.977836,person,0.9061487913131714,"(102, 107, 594, 479)"
2026-01-30T12:09:30.009472,person,0.9042985439300537,"(102, 107, 599, 479)"
2026-01-30T12:09:30.044585,person,0.9100276231765747,"(99, 107, 593, 479)"
2026-01-30T12:09:30.073351,person,0.9019057154655457,"(98, 107, 599, 479)"
2026-01-30T12:09:30.105393,person,0.9099492430686951,"(97, 107, 594, 479)"
2026-01-30T12:09:30.135616,person,0.9046837091445923,"(93, 107, 586, 479)"
2026-01-30T12:09:30.169258,person,0.9145777821540833,"(91, 107, 576, 479)"
2026-01-30T12:09:30.199678,person,0.9146267175674438,"(90, 107, 584, 479)"
2026-01-30T12:09:30.247349,person,0.9134587645530701,"(90, 107, 596, 479)"
2026-01-30T12:09:30.279245,person,0.9181284308433533,"(89, 107, 589, 479)"
2026-01-30T12:09:30.312261,person,0.9146992564201355,"(90, 107, 594, 479)"
2026-01-30T12:09:30.350276,person,0.9081078171730042,"(87, 107, 591, 479)"
2026-01-30T12:09:30.381352,person,0.9093425869941711,"(87, 108, 588, 479)"
2026-01-30T12:09:30.412149,person,0.9145340323448181,"(88, 107, 593, 479)"
2026-01-30T12:09:30.442428,person,0.911668062210083,"(90, 107, 584, 479)"
2026-01-30T12:09:30.474139,person,0.9118133187294006,"(89, 107, 588, 479)"
2026-01-30T12:09:30.506083,person,0.908880889415741,"(88, 107, 582, 479)"
2026-01-30T12:09:30.538010,person,0.914107084274292,"(85, 107, 582, 479)"
2026-01-30T12:09:30.568774,person,0.9168609976768494,"(88, 108, 576, 479)"
2026-01-30T12:09:30.599366,person,0.9153828620910645,"(87, 108, 582, 479)"
2026-01-30T12:09:30.634207,person,0.9152353405952454,"(87, 108, 585, 479)"
2026-01-30T12:09:30.676823,person,0.9158552885055542,"(88, 108, 582, 479)"
2026-01-30T12:09:30.710611,person,0.9127928018569946,"(87, 108, 574, 479)"
2026-01-30T12:09:30.743353,person,0.9097378253936768,"(87, 108, 582, 479)"
2026-01-30T12:09:30.775727,person,0.920348048210144,"(91, 108, 582, 479)"
2026-01-30T12:09:30.807921,person,0.9101912379264832,"(90, 108, 582, 479)"
2026-01-30T12:09:30.843360,person,0.9165619611740112,"(90, 107, 587, 479)"
2026-01-30T12:09:30.879571,person,0.9079405665397644,"(90, 107, 584, 479)"
2026-01-30T12:09:30.910634,person,0.9077043533325195,"(92, 108, 589, 479)"
2026-01-30T12:09:30.941083,person,0.910510241985321,"(94, 109, 588, 479)"
2026-01-30T12:09:30.971157,person,0.9054439067840576,"(91, 109, 592, 479)"
2026-01-30T12:09:31.003501,person,0.9090995788574219,"(92, 108, 593, 479)"
2026-01-30T12:09:31.034594,person,0.9156433343887329,"(93, 108, 597, 479)"
2026-01-30T12:09:31.069341,person,0.9129225611686707,"(91, 108, 601, 479)"
2026-01-30T12:09:31.112275,person,0.9106569886207581,"(95, 109, 592, 479)"
2026-01-30T12:09:31.144510,person,0.9123611450195312,"(96, 108, 597, 479)"
2026-01-30T12:09:31.174827,person,0.9045352935791016,"(98, 108, 601, 479)"
2026-01-30T12:09:31.207396,person,0.9044963121414185,"(97, 108, 594, 479)"
2026-01-30T12:09:31.239017,person,0.9056375026702881,"(102, 108, 599, 479)"
2026-01-30T12:09:31.270871,person,0.8992244601249695,"(103, 108, 586, 479)"
2026-01-30T12:09:31.307235,person,0.9092756509780884,"(104, 108, 602, 479)"
2026-01-30T12:09:31.335333,person,0.9019520878791809,"(105, 108, 593, 479)"
2026-01-30T12:09:31.367951,person,0.8993929028511047,"(104, 109, 589, 479)"
2026-01-30T12:09:31.402715,person,0.9042773842811584,"(103, 109, 595, 479)"
2026-01-30T12:09:31.438826,person,0.8905750513076782,"(103, 109, 594, 479)"
2026-01-30T12:09:31.471541,person,0.8957575559616089,"(104, 108, 610, 479)"
2026-01-30T12:09:31.509872,person,0.9006823897361755,"(104, 108, 588, 479)"
2026-01-30T12:09:31.545423,person,0.8999852538108826,"(103, 109, 596, 479)"
2026-01-30T12:09:31.582871,person,0.9073100090026855,"(106, 109, 606, 479)"
2026-01-30T12:09:31.610640,person,0.9061163067817688,"(101, 108, 604, 479)"
2026-01-30T12:09:31.643022,person,0.9011908769607544,"(101, 108, 591, 479)"
2026-01-30T12:09:31.672199,person,0.8984199166297913,"(101, 108, 594, 479)"
2026-01-30T12:09:31.705185,person,0.9069193601608276,"(101, 108, 599, 479)"
2026-01-30T12:09:31.734158,person,0.9078963994979858,"(97, 109, 592, 479)"
2026-01-30T12:09:31.767368,person,0.9116652011871338,"(95, 109, 593, 479)"
2026-01-30T12:09:31.798191,person,0.9075637459754944,"(92, 109, 592, 479)"
2026-01-30T12:09:31.831567,person,0.9085970520973206,"(93, 109, 590, 479)"
2026-01-30T12:09:31.864488,person,0.9105188846588135,"(92, 109, 591, 479)"
2026-01-30T12:09:31.895235,person,0.9074633121490479,"(92, 108, 590, 479)"
2026-01-30T12:09:31.942501,person,0.9107516407966614,"(90, 108, 590, 479)"
2026-01-30T12:09:31.974857,person,0.9093930721282959,"(86, 109, 577, 479)"
2026-01-30T12:09:32.014217,person,0.9105952978134155,"(90, 109, 581, 479)"
2026-01-30T12:09:32.045632,person,0.9051123857498169,"(88, 108, 586, 479)"
2026-01-30T12:09:32.075175,person,0.9075145721435547,"(89, 108, 582, 479)"
2026-01-30T12:09:32.106662,person,0.9111688137054443,"(86, 108, 579, 479)"
2026-01-30T12:09:32.137908,person,0.9169101119041443,"(88, 109, 582, 479)"
2026-01-30T12:09:32.169612,person,0.9138330221176147,"(87, 110, 582, 479)"
2026-01-30T12:09:32.200050,person,0.9077881574630737,"(85, 108, 579, 479)"
2026-01-30T12:09:32.232538,person,0.9073078036308289,"(85, 108, 581, 479)"
2026-01-30T12:09:32.263378,person,0.9107300639152527,"(85, 108, 585, 479)"
2026-01-30T12:09:32.294494,person,0.9153426289558411,"(85, 108, 584, 479)"
2026-01-30T12:09:32.327114,person,0.9143333435058594,"(87, 109, 582, 479)"
2026-01-30T12:09:32.375413,person,0.9108431935310364,"(90, 109, 583, 479)"
2026-01-30T12:09:32.405735,person,0.9181965589523315,"(86, 108, 587, 479)"
2026-01-30T12:09:32.440589,person,0.9216148853302002,"(89, 108, 590, 479)"
2026-01-30T12:09:32.471573,person,0.915861189365387,"(90, 108, 593, 479)"
2026-01-30T12:09:32.504568,person,0.9127498865127563,"(89, 108, 582, 479)"
2026-01-30T12:09:32.544183,person,0.9140545129776001,"(90, 109, 588, 479)"
2026-01-30T12:09:32.574889,person,0.91261225938797,"(92, 109, 587, 479)"
2026-01-30T12:09:32.605314,person,0.9100579023361206,"(92, 108, 592, 479)"
2026-01-30T12:09:32.635357,person,0.9181285500526428,"(91, 108, 599, 479)"
2026-01-30T12:09:32.666266,person,0.9036898016929626,"(94, 108, 595, 479)"
2026-01-30T12:09:32.697557,person,0.9145961999893188,"(92, 109, 592, 479)"
2026-01-30T12:09:32.728536,person,0.9114192724227905,"(95, 108, 583, 479)"
2026-01-30T12:09:32.759974,person,0.9107012748718262,"(94, 108, 595, 479)"
2026-01-30T12:09:32.804969,person,0.9025858044624329,"(100, 108, 600, 479)"
2026-01-30T12:09:32.839746,person,0.9001636505126953,"(99, 108, 590, 479)"
2026-01-30T12:09:32.872075,person,0.901206374168396,"(101, 108, 598, 479)"
2026-01-30T12:09:32.907739,person,0.898587167263031,"(100, 108, 605, 479)"
2026-01-30T12:09:32.944221,person,0.8984825015068054,"(102, 108, 605, 479)"
2026-01-30T12:09:32.977207,person,0.9070534110069275,"(102, 109, 598, 479)"
2026-01-30T12:09:33.007514,person,0.904191255569458,"(103, 107, 598, 479)"
2026-01-30T12:09:33.037635,person,0.909169614315033,"(101, 108, 611, 479)"
2026-01-30T12:09:33.067243,person,0.9026083946228027,"(105, 107, 602, 479)"
2026-01-30T12:09:33.099724,person,0.8982693552970886,"(103, 107, 599, 479)"
2026-01-30T12:09:33.130921,person,0.9011219143867493,"(102, 108, 607, 479)"
2026-01-30T12:09:33.161122,person,0.9039620757102966,"(104, 108, 597, 479)"
2026-01-30T12:09:33.238677,person,0.9012417793273926,"(98, 108, 601, 479)"
2026-01-30T12:09:33.270340,person,0.9012417793273926,"(98, 108, 601, 479)"
2026-01-30T12:09:33.303504,person,0.901678204536438,"(97, 108, 597, 479)"
2026-01-30T12:09:33.333545,person,0.9008626937866211,"(96, 107, 586, 479)"
2026-01-30T12:09:33.364396,person,0.9093258380889893,"(93, 108, 573, 479)"
2026-01-30T12:09:33.396727,person,0.9098993539810181,"(90, 107, 589, 479)"
2026-01-30T12:09:33.430685,person,0.9155840873718262,"(92, 107, 591, 479)"
2026-01-30T12:09:33.458500,person,0.909375786781311,"(92, 108, 592, 479)"
2026-01-30T12:09:33.489109,person,0.9110913276672363,"(89, 107, 586, 479)"
2026-01-30T12:09:33.520395,person,0.913016140460968,"(92, 107, 591, 479)"
2026-01-30T12:09:33.551175,person,0.9129270315170288,"(92, 107, 588, 479)"
2026-01-30T12:09:33.583610,person,0.9136345982551575,"(89, 107, 583, 479)"
2026-01-30T12:09:33.637792,person,0.9130790829658508,"(90, 107, 580, 479)"
2026-01-30T12:09:33.677362,person,0.9126190543174744,"(87, 107, 588, 479)"
2026-01-30T12:09:33.706134,person,0.9126190543174744,"(87, 107, 588, 479)"
2026-01-30T12:09:33.741760,person,0.9128115773200989,"(85, 107, 578, 479)"
2026-01-30T12:09:33.767057,person,0.9131292700767517,"(90, 108, 575, 479)"
2026-01-30T12:09:33.797739,person,0.9063077569007874,"(85, 108, 583, 479)"
2026-01-30T12:09:33.830903,person,0.9168708324432373,"(86, 108, 582, 479)"
2026-01-30T12:09:33.863166,person,0.9084677696228027,"(86, 107, 584, 479)"
2026-01-30T12:09:33.897265,person,0.9139262437820435,"(89, 108, 586, 479)"
2026-01-30T12:09:33.926518,person,0.9111557006835938,"(86, 109, 578, 479)"
2026-01-30T12:09:33.956010,person,0.9168205261230469,"(86, 109, 577, 479)"
2026-01-30T12:09:33.986707,person,0.9098025560379028,"(89, 109, 587, 479)"
2026-01-30T12:09:34.027555,person,0.9125975966453552,"(89, 108, 579, 479)"
2026-01-30T12:09:34.072500,person,0.9138150215148926,"(90, 108, 587, 479)"
2026-01-30T12:09:34.111671,person,0.9030913710594177,"(94, 108, 586, 479)"
2026-01-30T12:09:34.141167,person,0.9030913710594177,"(94, 108, 586, 479)"
2026-01-30T12:09:34.172743,person,0.9102263450622559,"(94, 109, 589, 479)"
2026-01-30T12:09:34.201928,person,0.9012627005577087,"(91, 109, 592, 479)"
2026-01-30T12:09:34.234605,person,0.9054723978042603,"(93, 109, 596, 479)"
2026-01-30T12:09:34.264466,person,0.9115996360778809,"(94, 108, 593, 479)"
2026-01-30T12:09:34.296285,person,0.9093211889266968,"(94, 108, 592, 479)"
2026-01-30T12:09:34.327979,person,0.9060871005058289,"(96, 108, 591, 479)"
2026-01-30T12:09:34.358702,person,0.9028998613357544,"(98, 109, 593, 479)"
2026-01-30T12:09:34.390595,person,0.9013988375663757,"(98, 109, 588, 479)"
2026-01-30T12:09:34.424321,person,0.8970525860786438,"(97, 108, 584, 479)"
2026-01-30T12:09:34.457214,person,0.8956180214881897,"(96, 109, 600, 479)"
2026-01-30T12:09:34.503139,person,0.9032643437385559,"(99, 109, 593, 479)"
2026-01-30T12:09:34.528952,person,0.9032643437385559,"(99, 109, 593, 479)"
2026-01-30T12:09:34.559423,person,0.8979645371437073,"(101, 109, 592, 479)"
2026-01-30T12:09:34.589927,person,0.9005537033081055,"(99, 109, 589, 479)"
2026-01-30T12:09:34.621893,person,0.9012986421585083,"(100, 109, 601, 479)"
2026-01-30T12:09:34.652300,person,0.9099196791648865,"(101, 108, 601, 479)"
2026-01-30T12:09:34.684583,person,0.9094570279121399,"(98, 109, 604, 479)"
2026-01-30T12:09:34.715442,person,0.9015292525291443,"(99, 109, 591, 479)"
2026-01-30T12:09:34.746171,person,0.897598385810852,"(103, 109, 596, 479)"
2026-01-30T12:09:34.777498,person,0.9100592136383057,"(94, 110, 584, 479)"
2026-01-30T12:09:34.824518,person,0.9047145247459412,"(94, 109, 595, 479)"
2026-01-30T12:09:34.859770,person,0.9100791215896606,"(92, 109, 589, 479)"
2026-01-30T12:09:34.901295,person,0.912925660610199,"(91, 109, 592, 479)"
2026-01-30T12:09:34.936304,person,0.9141420722007751,"(91, 109, 589, 479)"
2026-01-30T12:09:34.967107,person,0.9141420722007751,"(91, 109, 589, 479)"
2026-01-30T12:09:34.994725,person,0.9046048521995544,"(92, 109, 588, 479)"
2026-01-30T12:09:35.027356,person,0.9132680296897888,"(87, 109, 588, 479)"
2026-01-30T12:09:35.058881,person,0.9051336050033569,"(92, 109, 590, 479)"
2026-01-30T12:09:35.090854,person,0.9086916446685791,"(91, 108, 581, 479)"
2026-01-30T12:09:35.120405,person,0.909722626209259,"(88, 109, 594, 479)"
2026-01-30T12:09:35.152341,person,0.9060856699943542,"(88, 110, 592, 479)"
2026-01-30T12:09:35.186338,person,0.907471239566803,"(90, 109, 585, 479)"
2026-01-30T12:09:35.224734,person,0.9165600538253784,"(89, 109, 579, 479)"
2026-01-30T12:09:35.261963,person,0.9149823188781738,"(86, 108, 584, 479)"
2026-01-30T12:09:35.292083,person,0.9157472848892212,"(87, 109, 579, 479)"
2026-01-30T12:09:35.334415,person,0.915211021900177,"(87, 109, 579, 479)"
2026-01-30T12:09:35.370834,person,0.9194002747535706,"(83, 110, 583, 479)"
2026-01-30T12:09:35.402534,person,0.9194002747535706,"(83, 110, 583, 479)"
2026-01-30T12:09:35.434499,person,0.9174796342849731,"(85, 109, 587, 479)"
2026-01-30T12:09:35.464458,person,0.9173715710639954,"(86, 109, 584, 479)"
2026-01-30T12:09:35.495985,person,0.9088813066482544,"(82, 109, 585, 479)"
2026-01-30T12:09:35.526240,person,0.9111317992210388,"(83, 110, 584, 479)"
2026-01-30T12:09:35.559211,person,0.9243630766868591,"(85, 110, 577, 479)"
2026-01-30T12:09:35.588653,person,0.9206569194793701,"(88, 110, 584, 479)"
2026-01-30T12:09:35.624599,person,0.9126404523849487,"(89, 109, 589, 479)"
2026-01-30T12:09:35.655560,person,0.9078375697135925,"(89, 109, 587, 479)"
2026-01-30T12:09:35.689045,person,0.912470817565918,"(91, 110, 602, 479)"
2026-01-30T12:09:35.726477,person,0.9110471606254578,"(88, 110, 600, 479)"
2026-01-30T12:09:35.768475,person,0.9151686429977417,"(92, 110, 592, 479)"
2026-01-30T12:09:35.805426,person,0.9185275435447693,"(91, 110, 605, 479)"
2026-01-30T12:09:35.840384,person,0.9185275435447693,"(91, 110, 605, 479)"
2026-01-30T12:09:35.867517,person,0.9138470888137817,"(90, 109, 602, 479)"
2026-01-30T12:09:35.898718,person,0.914069652557373,"(91, 109, 596, 479)"
2026-01-30T12:09:35.931422,person,0.9069080352783203,"(96, 109, 604, 479)"
2026-01-30T12:09:35.964212,person,0.9121819734573364,"(96, 110, 606, 479)"
2026-01-30T12:09:35.996939,person,0.9103522300720215,"(101, 109, 611, 479)"
2026-01-30T12:09:36.022905,person,0.9083808064460754,"(102, 109, 593, 479)"
2026-01-30T12:09:36.060674,person,0.9082165956497192,"(99, 109, 596, 479)"
2026-01-30T12:09:36.087323,person,0.9014923572540283,"(101, 109, 583, 479)"
2026-01-30T12:09:36.119998,person,0.9001518487930298,"(104, 109, 607, 479)"
2026-01-30T12:09:36.152788,person,0.9089370965957642,"(104, 110, 612, 479)"
2026-01-30T12:09:36.198948,person,0.9087647795677185,"(106, 110, 607, 479)"
2026-01-30T12:09:36.230207,person,0.9087647795677185,"(106, 110, 607, 479)"
2026-01-30T12:09:36.261628,person,0.910528302192688,"(101, 110, 602, 479)"
2026-01-30T12:09:36.291166,person,0.910211443901062,"(101, 109, 602, 479)"
2026-01-30T12:09:36.321019,person,0.9168800711631775,"(101, 110, 594, 479)"
2026-01-30T12:09:36.354609,person,0.9076713919639587,"(98, 109, 595, 479)"
2026-01-30T12:09:36.384405,person,0.9122206568717957,"(95, 109, 594, 479)"
2026-01-30T12:09:36.424402,person,0.9145606160163879,"(95, 109, 599, 479)"
2026-01-30T12:09:36.462161,person,0.9186854958534241,"(94, 110, 600, 479)"
2026-01-30T12:09:36.492572,person,0.9110610485076904,"(93, 109, 579, 479)"
2026-01-30T12:09:36.524577,person,0.9194411039352417,"(92, 109, 592, 479)"
2026-01-30T12:09:36.557354,person,0.9196524620056152,"(88, 108, 592, 479)"
2026-01-30T12:09:36.599058,person,0.9133062958717346,"(89, 109, 592, 479)"
2026-01-30T12:09:36.632578,person,0.9137620329856873,"(87, 109, 587, 479)"
2026-01-30T12:09:36.666861,person,0.9137620329856873,"(87, 109, 587, 479)"
2026-01-30T12:09:36.693041,person,0.91236811876297,"(88, 109, 587, 479)"
2026-01-30T12:09:36.726109,person,0.9074900150299072,"(86, 108, 590, 479)"
2026-01-30T12:09:36.760980,person,0.9155662059783936,"(87, 108, 587, 479)"
2026-01-30T12:09:36.791217,person,0.9119086861610413,"(86, 108, 588, 479)"
2026-01-30T12:09:36.824562,person,0.9163598418235779,"(86, 109, 583, 479)"
2026-01-30T12:09:36.854340,person,0.9129514694213867,"(89, 109, 584, 479)"
2026-01-30T12:09:36.887340,person,0.9180237054824829,"(84, 109, 588, 479)"
2026-01-30T12:09:36.919432,person,0.9128533005714417,"(87, 108, 577, 479)"
2026-01-30T12:09:36.951964,person,0.9178533554077148,"(87, 108, 580, 479)"
2026-01-30T12:09:36.989381,person,0.9197587370872498,"(88, 109, 579, 479)"
2026-01-30T12:09:37.031181,person,0.904219388961792,"(89, 110, 592, 479)"
2026-01-30T12:09:37.067419,person,0.9078501462936401,"(88, 109, 585, 479)"
2026-01-30T12:09:37.097456,person,0.9078501462936401,"(88, 109, 585, 479)"
2026-01-30T12:09:37.131108,person,0.9059703946113586,"(91, 109, 589, 479)"
2026-01-30T12:09:37.160206,person,0.9145843386650085,"(90, 109, 593, 479)"
2026-01-30T12:09:37.192065,person,0.9073920249938965,"(92, 109, 595, 479)"
2026-01-30T12:09:37.224024,person,0.9051766395568848,"(92, 109, 592, 479)"
2026-01-30T12:09:37.259958,person,0.9145792722702026,"(93, 109, 597, 479)"
2026-01-30T12:09:37.288656,person,0.9061843156814575,"(93, 109, 583, 479)"
2026-01-30T12:09:37.319908,person,0.9003419876098633,"(98, 109, 592, 479)"
2026-01-30T12:09:37.352595,person,0.9016101360321045,"(97, 109, 593, 479)"
2026-01-30T12:09:37.383273,person,0.9016663432121277,"(101, 109, 598, 479)"
2026-01-30T12:09:37.416269,person,0.9072974324226379,"(103, 108, 601, 479)"
2026-01-30T12:09:37.466874,person,0.9041495323181152,"(106, 109, 611, 479)"
2026-01-30T12:09:37.504600,person,0.9048618078231812,"(107, 109, 605, 479)"
2026-01-30T12:09:37.533343,person,0.9048618078231812,"(107, 109, 605, 479)"
2026-01-30T12:09:37.569772,person,0.905929684638977,"(108, 109, 605, 479)"
2026-01-30T12:09:37.594795,person,0.8971766829490662,"(107, 108, 605, 479)"
2026-01-30T12:09:37.631851,person,0.909363865852356,"(108, 110, 597, 479)"
2026-01-30T12:09:37.662631,person,0.9021405577659607,"(100, 111, 585, 479)"
2026-01-30T12:09:37.688480,person,0.9048110246658325,"(109, 110, 608, 479)"
2026-01-30T12:09:37.720484,person,0.9071332812309265,"(97, 113, 599, 479)"
2026-01-30T12:09:37.752484,person,0.9054945111274719,"(98, 111, 586, 479)"
2026-01-30T12:09:37.784917,person,0.9003708958625793,"(101, 108, 589, 479)"
2026-01-30T12:09:37.813326,person,0.9056283235549927,"(101, 108, 602, 479)"
2026-01-30T12:09:37.845426,person,0.906609833240509,"(99, 109, 600, 479)"
2026-01-30T12:09:37.896816,person,0.9077085852622986,"(99, 109, 597, 479)"
2026-01-30T12:09:37.920698,person,0.9077085852622986,"(99, 109, 597, 479)"
2026-01-30T12:09:37.952855,person,0.9086447954177856,"(94, 109, 596, 479)"
2026-01-30T12:09:37.981869,person,0.9148949980735779,"(92, 108, 586, 479)"
2026-01-30T12:09:38.024372,person,0.9150970578193665,"(89, 108, 590, 479)"
2026-01-30T12:09:38.061137,person,0.9068095684051514,"(92, 108, 594, 479)"
2026-01-30T12:09:38.093061,person,0.9048712253570557,"(88, 108, 588, 479)"
2026-01-30T12:09:38.123335,person,0.913940966129303,"(90, 108, 587, 479)"
2026-01-30T12:09:38.153054,person,0.9096715450286865,"(88, 108, 587, 479)"
2026-01-30T12:09:38.184990,person,0.9169191122055054,"(91, 107, 583, 479)"
2026-01-30T12:09:38.216477,person,0.9112462997436523,"(88, 107, 583, 479)"
2026-01-30T12:09:38.248897,person,0.90920490026474,"(88, 108, 579, 479)"
2026-01-30T12:09:38.296309,person,0.9205688238143921,"(87, 109, 580, 479)"
2026-01-30T12:09:38.328358,person,0.915134608745575,"(88, 108, 581, 479)"
2026-01-30T12:09:38.359305,person,0.915134608745575,"(88, 108, 581, 479)"
2026-01-30T12:09:38.390305,person,0.9111987948417664,"(89, 109, 585, 479)"
2026-01-30T12:09:38.424297,person,0.9173712730407715,"(88, 109, 578, 479)"
2026-01-30T12:09:38.457056,person,0.9254509806632996,"(88, 109, 580, 479)"
2026-01-30T12:09:38.497305,person,0.9183188080787659,"(88, 109, 577, 479)"
2026-01-30T12:09:38.526705,person,0.920626699924469,"(91, 109, 584, 479)"
2026-01-30T12:09:38.556532,person,0.918552577495575,"(90, 108, 588, 479)"
2026-01-30T12:09:38.586972,person,0.9211283326148987,"(90, 108, 585, 479)"
2026-01-30T12:09:38.619379,person,0.9123851656913757,"(92, 109, 582, 479)"
2026-01-30T12:09:38.653193,person,0.9173542261123657,"(91, 109, 586, 479)"
2026-01-30T12:09:38.680943,person,0.9093443751335144,"(96, 109, 587, 479)"
2026-01-30T12:09:38.730631,person,0.9154382944107056,"(94, 109, 591, 479)"
2026-01-30T12:09:38.761019,person,0.9079186320304871,"(94, 109, 591, 479)"
2026-01-30T12:09:38.790466,person,0.9079186320304871,"(94, 109, 591, 479)"
2026-01-30T12:09:38.824491,person,0.9141138792037964,"(95, 109, 598, 479)"
2026-01-30T12:09:38.859764,person,0.9057366847991943,"(97, 109, 600, 479)"
2026-01-30T12:09:38.887660,person,0.8991690874099731,"(99, 109, 588, 479)"
2026-01-30T12:09:38.919811,person,0.8975679278373718,"(102, 108, 595, 479)"
2026-01-30T12:09:38.951553,person,0.9062002897262573,"(103, 108, 604, 479)"
2026-01-30T12:09:38.985024,person,0.9002804756164551,"(105, 108, 599, 479)"
2026-01-30T12:09:39.022390,person,0.903857946395874,"(98, 110, 585, 479)"
2026-01-30T12:09:39.055006,person,0.9037339687347412,"(99, 109, 593, 479)"
2026-01-30T12:09:39.084170,person,0.8992169499397278,"(106, 108, 603, 479)"
2026-01-30T12:09:39.116194,person,0.9024085998535156,"(105, 108, 597, 479)"
2026-01-30T12:09:39.162000,person,0.8956952691078186,"(105, 108, 596, 479)"
2026-01-30T12:09:39.194813,person,0.9027125239372253,"(99, 109, 593, 479)"
2026-01-30T12:09:39.226398,person,0.9070387482643127,"(107, 110, 598, 479)"
2026-01-30T12:09:39.257654,person,0.9016678929328918,"(104, 109, 591, 479)"
2026-01-30T12:09:39.288828,person,0.9112527966499329,"(102, 108, 601, 479)"
2026-01-30T12:09:39.319769,person,0.9093320369720459,"(99, 107, 598, 479)"
2026-01-30T12:09:39.351866,person,0.9105071425437927,"(98, 107, 601, 479)"
2026-01-30T12:09:39.384607,person,0.9076101779937744,"(100, 108, 606, 479)"
2026-01-30T12:09:39.414297,person,0.9064685106277466,"(94, 108, 587, 479)"
2026-01-30T12:09:39.448930,person,0.912931501865387,"(93, 107, 586, 479)"
2026-01-30T12:09:39.480122,person,0.919499933719635,"(92, 107, 591, 479)"
2026-01-30T12:09:39.513408,person,0.9176070690155029,"(90, 107, 569, 479)"
2026-01-30T12:09:39.552678,person,0.9102915525436401,"(91, 108, 592, 479)"
2026-01-30T12:09:39.592305,person,0.9121371507644653,"(88, 108, 577, 479)"
2026-01-30T12:09:39.626792,person,0.9144913554191589,"(89, 107, 596, 479)"
2026-01-30T12:09:39.659127,person,0.90800541639328,"(89, 108, 598, 479)"
2026-01-30T12:09:39.691209,person,0.9152092933654785,"(89, 107, 588, 479)"
2026-01-30T12:09:39.721552,person,0.9179181456565857,"(88, 107, 590, 479)"
2026-01-30T12:09:39.752053,person,0.912507176399231,"(87, 107, 589, 479)"
2026-01-30T12:09:39.785283,person,0.9121955037117004,"(87, 107, 578, 479)"
2026-01-30T12:09:39.816760,person,0.9022751450538635,"(86, 107, 590, 479)"
2026-01-30T12:09:39.848139,person,0.9118895530700684,"(88, 108, 586, 479)"
2026-01-30T12:09:39.878409,person,0.9120514988899231,"(88, 107, 585, 479)"
2026-01-30T12:09:39.910523,person,0.9105646014213562,"(87, 107, 596, 479)"
2026-01-30T12:09:39.942254,person,0.9111865758895874,"(85, 107, 593, 479)"
2026-01-30T12:09:39.993064,person,0.9055096507072449,"(90, 108, 578, 479)"
2026-01-30T12:09:40.032750,person,0.9036155939102173,"(89, 108, 582, 479)"
2026-01-30T12:09:40.064162,person,0.9161311388015747,"(88, 107, 590, 479)"
2026-01-30T12:09:40.096872,person,0.9052129983901978,"(91, 107, 584, 479)"
2026-01-30T12:09:40.126966,person,0.9153594970703125,"(89, 107, 584, 479)"
2026-01-30T12:09:40.158824,person,0.9080391526222229,"(92, 108, 584, 479)"
2026-01-30T12:09:40.187735,person,0.9091822504997253,"(89, 108, 594, 479)"
2026-01-30T12:09:40.219247,person,0.9100058078765869,"(92, 107, 596, 479)"
2026-01-30T12:09:40.252386,person,0.9104906320571899,"(89, 107, 592, 479)"
2026-01-30T12:09:40.282755,person,0.9135316014289856,"(90, 108, 587, 479)"
2026-01-30T12:09:40.313476,person,0.9105551838874817,"(92, 107, 594, 479)"
2026-01-30T12:09:40.342684,person,0.8989936113357544,"(92, 108, 594, 479)"
2026-01-30T12:09:40.377668,person,0.9031751751899719,"(92, 108, 589, 479)"
2026-01-30T12:09:40.424557,person,0.9048326015472412,"(95, 108, 585, 479)"
2026-01-30T12:09:40.458913,person,0.9029273986816406,"(94, 107, 588, 479)"
2026-01-30T12:09:40.501796,person,0.9074741005897522,"(95, 107, 598, 479)"
2026-01-30T12:09:40.530869,person,0.9076708555221558,"(97, 107, 592, 479)"
2026-01-30T12:09:40.561391,person,0.9045522809028625,"(96, 108, 595, 479)"
2026-01-30T12:09:40.594399,person,0.9053187370300293,"(98, 108, 602, 479)"
2026-01-30T12:09:40.621880,person,0.9038642048835754,"(97, 108, 594, 479)"
2026-01-30T12:09:40.653356,person,0.8973187804222107,"(97, 108, 601, 479)"
2026-01-30T12:09:40.683310,person,0.8992043137550354,"(100, 108, 599, 479)"
2026-01-30T12:09:40.716437,person,0.9068092107772827,"(99, 108, 605, 479)"
2026-01-30T12:09:40.746279,person,0.9027433395385742,"(100, 108, 599, 479)"
2026-01-30T12:09:40.778288,person,0.9107081294059753,"(98, 108, 597, 479)"
2026-01-30T12:09:40.809326,person,0.9115537405014038,"(97, 108, 598, 479)"
2026-01-30T12:09:40.860368,person,0.908361554145813,"(93, 107, 595, 479)"
2026-01-30T12:09:40.890029,person,0.9066387414932251,"(92, 107, 601, 479)"
2026-01-30T12:09:40.921215,person,0.9151820540428162,"(91, 108, 592, 479)"
2026-01-30T12:09:40.953154,person,0.9161359667778015,"(90, 107, 601, 479)"
2026-01-30T12:09:40.984295,person,0.9050597548484802,"(88, 108, 591, 479)"
2026-01-30T12:09:41.016588,person,0.9101606011390686,"(88, 108, 576, 479)"
2026-01-30T12:09:41.047827,person,0.9028560519218445,"(82, 108, 589, 479)"
2026-01-30T12:09:41.078691,person,0.9077268838882446,"(86, 108, 599, 479)"
2026-01-30T12:09:41.111858,person,0.9178464412689209,"(82, 108, 598, 479)"
2026-01-30T12:09:41.151316,person,0.9085758924484253,"(83, 108, 586, 479)"
2026-01-30T12:09:41.179522,person,0.9042261242866516,"(82, 108, 585, 479)"
2026-01-30T12:09:41.212376,person,0.91388338804245,"(84, 108, 593, 479)"
2026-01-30T12:09:41.243507,person,0.9163840413093567,"(78, 108, 593, 479)"
2026-01-30T12:09:41.287177,person,0.9138533473014832,"(81, 108, 593, 479)"
2026-01-30T12:09:41.323593,person,0.9213120341300964,"(81, 108, 591, 479)"
2026-01-30T12:09:41.359154,person,0.9113616943359375,"(81, 108, 593, 479)"
2026-01-30T12:09:41.382234,person,0.9172436594963074,"(88, 107, 587, 479)"
2026-01-30T12:09:41.417769,person,0.9141280055046082,"(86, 108, 591, 479)"
2026-01-30T12:09:41.447298,person,0.9146171808242798,"(87, 108, 598, 479)"
2026-01-30T12:09:41.482713,person,0.9167126417160034,"(91, 107, 594, 479)"
2026-01-30T12:09:41.515734,person,0.9236741065979004,"(93, 108, 601, 479)"
2026-01-30T12:09:41.544203,person,0.9174056649208069,"(91, 108, 600, 479)"
2026-01-30T12:09:41.575973,person,0.9213584065437317,"(94, 108, 602, 479)"
2026-01-30T12:09:41.606977,person,0.9123516082763672,"(98, 109, 599, 479)"
2026-01-30T12:09:41.638228,person,0.9129393696784973,"(96, 108, 581, 479)"
2026-01-30T12:09:41.688158,person,0.9056426286697388,"(96, 108, 602, 479)"
2026-01-30T12:09:41.721037,person,0.9082400798797607,"(99, 108, 594, 479)"
2026-01-30T12:09:41.756286,person,0.9091373085975647,"(101, 109, 599, 479)"
2026-01-30T12:09:41.784593,person,0.9133291840553284,"(97, 109, 601, 479)"
2026-01-30T12:09:41.815851,person,0.9025478363037109,"(101, 109, 596, 479)"
2026-01-30T12:09:41.852085,person,0.9064905047416687,"(97, 109, 598, 479)"
2026-01-30T12:09:41.882094,person,0.9062320590019226,"(102, 109, 603, 479)"
2026-01-30T12:09:41.914627,person,0.9069504737854004,"(105, 109, 606, 479)"
2026-01-30T12:09:41.944329,person,0.906133234500885,"(102, 108, 612, 479)"
2026-01-30T12:09:41.977628,person,0.9011723399162292,"(101, 109, 604, 479)"
2026-01-30T12:09:42.007082,person,0.907437264919281,"(99, 114, 612, 479)"
2026-01-30T12:09:42.039101,person,0.9040869474411011,"(101, 109, 607, 479)"
2026-01-30T12:09:42.071651,person,0.9065203070640564,"(104, 109, 611, 479)"
2026-01-30T12:09:42.119222,person,0.9005739092826843,"(99, 115, 609, 479)"
2026-01-30T12:09:42.151642,person,0.9007354974746704,"(102, 109, 608, 479)"
2026-01-30T12:09:42.181895,person,0.9006801247596741,"(98, 109, 605, 479)"
2026-01-30T12:09:42.215071,person,0.9072232246398926,"(99, 108, 612, 479)"
2026-01-30T12:09:42.247175,person,0.8970527052879333,"(101, 109, 605, 479)"
2026-01-30T12:09:42.278611,person,0.9004725813865662,"(102, 109, 605, 479)"
2026-01-30T12:09:42.311337,person,0.9033920764923096,"(102, 109, 602, 479)"
2026-01-30T12:09:42.348033,person,0.9052480459213257,"(100, 109, 602, 479)"
2026-01-30T12:09:42.380917,person,0.9012464284896851,"(100, 108, 604, 479)"
2026-01-30T12:09:42.408468,person,0.8959947228431702,"(100, 109, 600, 479)"
2026-01-30T12:09:42.439327,person,0.8989374041557312,"(102, 109, 602, 479)"
2026-01-30T12:09:42.472331,person,0.9066774845123291,"(101, 109, 606, 479)"
2026-01-30T12:09:42.504340,person,0.9037817120552063,"(100, 109, 605, 479)"
2026-01-30T12:09:42.551569,person,0.9155222177505493,"(100, 109, 604, 479)"
2026-01-30T12:09:42.589255,person,0.9006738662719727,"(99, 112, 617, 479)"
2026-01-30T12:09:42.616323,person,0.9015554189682007,"(102, 109, 582, 479)"
2026-01-30T12:09:42.646862,person,0.9049884676933289,"(101, 110, 601, 479)"
2026-01-30T12:09:42.679732,person,0.90726238489151,"(99, 109, 605, 479)"
2026-01-30T12:09:42.715945,person,0.9018987417221069,"(101, 110, 587, 479)"
2026-01-30T12:09:42.742851,person,0.9096474647521973,"(99, 114, 606, 479)"
2026-01-30T12:09:42.888804,person,0.90931636095047,"(100, 110, 612, 479)"
2026-01-30T12:09:42.941680,person,0.9076871871948242,"(101, 111, 611, 479)"
2026-01-30T12:09:42.969659,person,0.9129709601402283,"(101, 110, 601, 479)"
2026-01-30T12:09:43.001751,person,0.9079416394233704,"(101, 110, 608, 479)"
2026-01-30T12:09:43.032473,person,0.9086130261421204,"(98, 111, 604, 479)"
2026-01-30T12:09:43.064581,person,0.9043368697166443,"(104, 110, 599, 479)"
2026-01-30T12:09:43.095683,person,0.9127398133277893,"(100, 110, 611, 479)"
2026-01-30T12:09:43.126182,person,0.9055279493331909,"(104, 110, 603, 479)"
2026-01-30T12:09:43.157386,person,0.9046944379806519,"(99, 111, 598, 479)"
2026-01-30T12:09:43.192127,person,0.9020990133285522,"(102, 111, 610, 479)"
2026-01-30T12:09:43.219252,person,0.8998652696609497,"(101, 111, 605, 479)"
2026-01-30T12:09:43.249579,person,0.9043664336204529,"(103, 110, 608, 479)"
2026-01-30T12:09:43.278450,person,0.9053221344947815,"(102, 111, 603, 479)"
2026-01-30T12:09:43.310062,person,0.9132394194602966,"(102, 111, 603, 479)"
2026-01-30T12:09:43.340349,person,0.9059644341468811,"(102, 111, 613, 479)"
2026-01-30T12:09:43.382356,person,0.9121937155723572,"(100, 111, 602, 479)"
2026-01-30T12:09:43.418055,person,0.9096959829330444,"(100, 111, 602, 479)"
2026-01-30T12:09:43.451554,person,0.907987117767334,"(101, 111, 613, 479)"
2026-01-30T12:09:43.482306,person,0.9126785397529602,"(101, 111, 600, 479)"
2026-01-30T12:09:43.510059,person,0.9043828845024109,"(101, 111, 596, 479)"
2026-01-30T12:09:43.550210,person,0.9030889272689819,"(102, 111, 588, 479)"
2026-01-30T12:09:43.575191,person,0.911858320236206,"(101, 111, 606, 479)"
2026-01-30T12:09:43.735562,person,0.9115124344825745,"(97, 111, 604, 479)"
2026-01-30T12:09:43.777990,person,0.9100683927536011,"(101, 111, 601, 479)"
2026-01-30T12:09:43.800934,person,0.9062701463699341,"(97, 111, 596, 479)"
2026-01-30T12:09:43.829397,person,0.9019626379013062,"(99, 112, 602, 479)"
2026-01-30T12:09:43.856285,person,0.8990458250045776,"(99, 112, 594, 479)"
2026-01-30T12:09:43.886155,person,0.903245210647583,"(96, 111, 602, 479)"
2026-01-30T12:09:43.918218,person,0.9098770618438721,"(96, 112, 604, 479)"
2026-01-30T12:09:43.948113,person,0.9085850715637207,"(95, 112, 598, 479)"
2026-01-30T12:09:43.980789,person,0.9007044434547424,"(98, 112, 599, 479)"
2026-01-30T12:09:44.012195,person,0.8992445468902588,"(98, 113, 591, 479)"
2026-01-30T12:09:44.044254,person,0.908491313457489,"(97, 113, 591, 479)"
2026-01-30T12:09:44.073439,person,0.8977408409118652,"(97, 113, 585, 479)"
2026-01-30T12:09:44.104044,person,0.8975448608398438,"(97, 112, 577, 479)"
2026-01-30T12:09:44.134755,person,0.910520076751709,"(96, 113, 594, 479)"
2026-01-30T12:09:44.167979,person,0.9044265747070312,"(99, 114, 603, 479)"
2026-01-30T12:09:44.199353,person,0.9026148319244385,"(98, 118, 585, 478)"
2026-01-30T12:09:44.248295,person,0.9103121161460876,"(98, 115, 601, 479)"
2026-01-30T12:09:44.360662,person,0.9030095934867859,"(96, 114, 598, 479)"
2026-01-30T12:09:44.454255,person,0.9153667688369751,"(99, 114, 601, 479)"
2026-01-30T12:09:44.550954,person,0.9021682739257812,"(100, 115, 591, 479)"
2026-01-30T12:09:44.642237,person,0.9044491052627563,"(97, 114, 602, 479)"
2026-01-30T12:09:44.733060,person,0.907410204410553,"(99, 114, 590, 479)"
2026-01-30T12:09:44.826475,person,0.9044026732444763,"(96, 114, 599, 479)"
2026-01-30T12:09:44.919699,person,0.9059863090515137,"(101, 114, 598, 479)"
2026-01-30T12:09:45.014210,person,0.8992611169815063,"(94, 114, 593, 479)"
